serial,name,value,notes
19336,CC_depth,127000.0,
19336,CC_latitude,40.1012333333333,
19336,CC_longitude,-70.8876833333333,
