serial,name,value,notes
18660,CC_depth,75000.0,
18660,CC_latitude,40.3648333333333,
18660,CC_longitude,-70.7811333333333,
