serial,name,value,notes
18660,CC_depth,127000.0,
18660,CC_latitude,40.1012333333333,
18660,CC_longitude,-70.8876833333333,
