serial,name,value,notes
19336,CC_depth,128000.0,
19336,CC_latitude,40.0965166666667,
19336,CC_longitude,-70.8791166666667,
