serial,name,value,notes
19151,CC_depth,128000.0,
19151,CC_latitude,40.0960533333333,
19151,CC_longitude,-70.8797183333333,
