serial,name,value,notes
18596,CC_depth,107000.0,units = mm
18596,CC_latitude,40.2268666666667,
18596,CC_longitude,-70.8889333333333,
