serial,name,value,notes
20496,CC_depth,77000.0,
20496,CC_latitude,40.3654166666667,
20496,CC_longitude,-70.7831833333333,
