serial,name,value,notes
20499,CC_depth,76000.0,
20499,CC_latitude,40.3650166666667,
20499,CC_longitude,-70.7695333333333,
