serial,name,value,notes
8399,CC_lat,44.37414,
8399,CC_lon,-124.956526666667,
