serial,name,value,notes
AQS 6389/AQD 11641,CC_lat,44.5289666666667,
AQS 6389/AQD 11641,CC_lon,-125.389783333333,
