serial,name,value,notes
"AQS-7205
AQD-12227",CC_lat,44.5289666666667,
"AQS-7205
AQD-12227",CC_lon,-125.389783333333,
