serial,name,value,notes
144901,CC_lat,-54.4040766666667,
144901,CC_lon,-89.2069133333333,
