serial,name,value,notes
144904,CC_lat,40.1332333333333,Group 5 addition.
144904,CC_lon,-70.7784333333333,
