serial,name,value,notes
141004,CC_lat,59.9337333333333,
141004,CC_lon,-39.4738333333333,
