serial,name,value,notes
9668,CC_lat,44.6583333333333,
9668,CC_lon,-124.09565,
