serial,name,value,notes
9668,CC_lat,47.1315333333333,
9668,CC_lon,-124.271866666667,
