serial,name,value,notes
11710,CC_lat,46.8538483333333,
11710,CC_lon,-124.958383333333,
