serial,name,value,notes
11084,CC_lat,47.13335,
11084,CC_lon,-124.267533333333,
