serial,name,value,notes
11707,CC_lat,46.9861033333333,
11707,CC_lon,-124.566100666667,
