serial,name,value,notes
11090,CC_lat,44.6583833333333,
11090,CC_lon,-124.095583333333,
