serial,name,value,notes
5277187-0138,CC_lat,44.3682766666666,
5277187-0138,CC_lon,-124.952751666666,
