serial,name,value,notes
52-0146,CC_lat,44.3682766666666,
52-0146,CC_lon,-124.952751666666,
