serial,name,value,notes
10306,CC_lat,44.5691833333333,
10306,CC_lon,-125.14805,
