serial,name,value,notes
10311,CC_lat,45.9258166666667,Changed from ATAPL-67979-00002
10311,CC_lon,-129.977766666667,
