serial,name,value,notes
10314,CC_lat,45.8201666666667,
10314,CC_lon,-129.736583333333,
