serial,name,value,notes
10349,CC_lat,44.5691833333333,
10349,CC_lon,-125.14805,
