serial,name,value,notes
2196,CC_lat,-42.9808333333333,
2196,CC_lon,-42.5419166666667,
