serial,name,value,notes
2195,CC_lat,-54.470115,
2195,CC_lon,-89.2399966666667,
