serial,name,value,notes
AQD 9952,CC_lat,39.9400333333333,
AQD 9952,CC_lon,-70.8774333333333,
