serial,name,value,notes
AQD 12652,CC_lat,59.7182333333333,Depth
AQD 12652,CC_lon,-39.3536166666667,
