serial,name,value,notes
AQD 12095,CC_lat,59.7182333333333,Depth
AQD 12095,CC_lon,-39.3536166666667,
