serial,name,value,notes
AQD 11976,CC_lat,59.7128333333333,Depth
AQD 11976,CC_lon,-39.3203333333333,
