serial,name,value,notes
AQD 11967,CC_lat,59.8177133333333,Depth
AQD 11967,CC_lon,-39.8412333333333,
