serial,name,value,notes
04581,CC_lat,40.1367833333333,
04581,CC_lon,-70.7697833333333,
