serial,name,value,notes
TAS04571,CC_lat,-54.4040766666667,
TAS04571,CC_lon,-89.2069133333333,
