serial,name,value,notes
5271,CC_lat,46.9861033333333,
5271,CC_lon,-124.566100666667,
