serial,name,value,notes
05281,CC_lat,46.8538483333333,
05281,CC_lon,-124.958383333333,
