serial,name,value,notes
05781,CC_lat,40.1397666666667,
05781,CC_lon,-70.77145,
