serial,name,value,notes
05981,CC_lat,-42.9227566666667,
05981,CC_lon,-42.4559283333333,
