serial,name,value,notes
06271,CC_lat,40.1332333333333,
06271,CC_lon,-70.7784333333333,
