serial,name,value,notes
18445,CC_depth,430000.0,
18445,CC_latitude,39.9379833333333,
18445,CC_longitude,-70.7690833333333,
