serial,name,value,notes
18445,CC_depth,430000.0,
18445,CC_latitude,39.9430216666667,
18445,CC_longitude,-70.7700133333333,
