serial,name,value,notes
18445,CC_depth,424000.0,
18445,CC_latitude,39.9433666666667,
18445,CC_longitude,-70.7704333333333,
