serial,name,value,notes
18445,CC_depth,425000.0,
18445,CC_latitude,39.9415716666667,
18445,CC_longitude,-70.7797083333333,
