serial,name,value,notes
20346,CC_depth,426000.0,
20346,CC_latitude,39.9421166666667,
20346,CC_longitude,-70.7800166666667,
