serial,name,value,notes
20346,CC_depth,432000.0,
20346,CC_latitude,39.9415333333333,
20346,CC_longitude,-70.7800333333333,
