serial,name,value,notes
100015,CC_lat,40.0965166666667,
100015,CC_lon,-70.8791166666667,
