serial,name,value,notes
100036,CC_lat,39.9430333333333,
100036,CC_lon,-70.8853666666667,
