serial,name,value,notes
100012,CC_lat,40.3650166666667,
100012,CC_lon,-70.7695333333333,
