serial,name,value,notes
100036,CC_lat,39.94325,
100036,CC_lon,-70.8866666666667,
