serial,name,value,notes
100014,CC_lat,46.8517333333333,
100014,CC_lon,-124.97145,
