serial,name,value,notes
100015,CC_lat,40.1012333333333,
100015,CC_lon,-70.8876833333333,
