serial,name,value,notes
100013,CC_lat,40.22655,
100013,CC_lon,-70.8889666666667,
