serial,name,value,notes
100022,CC_lat,39.93565,
100022,CC_lon,-70.8799833333333,
