serial,name,value,notes
100014,CC_lat,39.9430216666667,
100014,CC_lon,-70.7700133333333,
