serial,name,value,notes
100011,CC_lat,39.9433666666667,
100011,CC_lon,-70.7704333333333,
