serial,name,value,notes
41,CC_lat,39.9415716666667,
41,CC_lon,-70.7797083333333,
