serial,name,value,notes
100013,CC_lat,40.3654166666667,
100013,CC_lon,-70.7831833333333,
