serial,name,value,notes
100015,CC_lat,40.363405,
100015,CC_lon,-70.7759883333333,
