serial,name,value,notes
100013,CC_lat,39.9379833333333,
100013,CC_lon,-70.7690833333333,
