serial,name,value,notes
100017,CC_latitude,46.8520683333333,
100017,CC_longitude,-124.966003333333,
