serial,name,value,notes
100035,CC_lat,40.0960533333333,
100035,CC_lon,-70.8797183333333,
