serial,name,value,notes
100003,CC_lat,39.9415166666667,
100003,CC_lon,-70.8784333333333,
