serial,name,value,notes
100034,CC_lat,40.3648333333333,
100034,CC_lon,-70.7811333333333,
