serial,name,value,notes
100034,CC_lat,40.1012333333333,
100034,CC_lon,-70.8876833333333,
