serial,name,value,notes
100033,CC_lat,39.9415333333333,
100033,CC_lon,-70.7800333333333,
