serial,name,value,notes
100033,CC_lat,39.9421166666667,
100033,CC_lon,-70.7800166666667,
