serial,name,value,notes
AQD 8532,CC_lat,40.1332333333333,
AQD 8532,CC_lon,-70.7784333333333,
