serial,name,value,notes
AQD 8539,CC_lat,47.1315333333333,
AQD 8539,CC_lon,-124.271866666667,
