serial,name,value,notes
AQD 11402,CC_lat,40.1367833333333,
AQD 11402,CC_lon,-70.7697833333333,
