serial,name,value,notes
AQD 11412,CC_lat,39.9400333333333,
AQD 11412,CC_lon,-70.8774333333333,
