serial,name,value,notes
AQD 11774,CC_lat,44.6583833333333,
AQD 11774,CC_lon,-124.095583333333,
