serial,name,value,notes
AQD 12229,CC_lat,-42.9227566666667,
AQD 12229,CC_lon,-42.4559283333333,
