serial,name,value,notes
AQD 11820,CC_lat,47.1315333333333,
AQD 11820,CC_lon,-124.271866666667,
