serial,name,value,notes
AQD12231,CC_lat,-54.4040766666667,
AQD12231,CC_lon,-89.2069133333333,
