serial,name,value,notes
AQD 11789,CC_lat,44.6583833333333,
AQD 11789,CC_lon,-124.095583333333,
