serial,name,value,notes
AQD 12230,CC_lat,40.3647166666667,
AQD 12230,CC_lon,-70.8883666666667,
