serial,name,value,notes
AQD 11768,CC_lat,46.8538483333333,
AQD 11768,CC_lon,-124.958383333333,
