serial,name,value,notes
AQD 11405,CC_lat,46.9861033333333,
AQD 11405,CC_lon,-124.566100666667,
