serial,name,value,notes
1109,CC_lat,59.9753333333333,
1109,CC_lon,-39.4818333333333,
