serial,name,value,notes
1025,CC_lat,59.97275,
1025,CC_lon,-39.5234833333333,
