serial,name,value,notes
1118,CC_lat,-54.468345,
1118,CC_lon,-89.3684333333333,
