serial,name,value,notes
1116,CC_lat,-54.468345,
1116,CC_lon,-89.3684333333333,
