serial,name,value,notes
1254,CC_lat,-42.9808333333333,
1254,CC_lon,-42.5419166666667,
