serial,name,value,notes
1253,CC_lat,-54.470115,
1253,CC_lon,-89.2399966666667,
