serial,name,value,notes
1256,CC_lat,-54.470115,
1256,CC_lon,-89.2399966666667,
