serial,name,value,notes
410,CC_csv,"[0.00280123, 0.000118488, 2.42419e-06, 229.227, -0.356919, -57.5646, 4.56208]",
410,CC_lat,39.9406333333333,
410,CC_lon,-70.87855,
