serial,name,value,notes
412,CC_csv,"[0.00285699, 0.000118944, 2.45678e-06, 231.041, -0.379323, -54.1534, 4.57936]",
412,CC_lat,39.9406333333333,
412,CC_lon,-70.87855,
