serial,name,value,notes
472,CC_lat,44.5289666666667,
472,CC_lon,-125.389783333333,
