serial,name,value,notes
275,CC_lat,44.5289666666667,
275,CC_lon,-125.389783333333,
