serial,name,value,notes
274,CC_lat,44.5152666666667,
274,CC_lon,-125.389866666667,
