serial,name,value,notes
474,CC_lat,44.5152666666667,
474,CC_lon,-125.389866666667,
