serial,name,value,notes
133,CC_lat,44.3695866666666,
133,CC_lon,-124.953736666666,
