serial,name,value,notes
137,CC_lat,44.3682766666666,
137,CC_lon,-124.952751666666,
