serial,name,value,notes
503,CC_csv,"[0.00279572, 0.000120111, 2.42816e-06, 229.848, -0.320935, -57.9588, 4.55057]",
503,CC_lat,39.9372666666667,
503,CC_lon,-70.88665,
