serial,name,value,notes
8159,CC_lat,44.3695866666666,
8159,CC_lon,-124.953736666666,
