serial,name,value,notes
5156,CC_lat,44.3695866666666,
5156,CC_lon,-124.953736666666,
