serial,name,value,notes
5157,CC_lat,44.6369916666666,
5157,CC_lat,44.6369916666666,
5157,CC_lon,-124.305855,
5157,CC_lon,-124.305855,
