serial,name,value,notes
49-0347,CC_lat,40.1340833333333,Latitude
49-0347,CC_lon,-70.7701333333333,Longitude
