serial,name,value,notes
49-0348,CC_lat,40.3643666666667,Latitude
49-0348,CC_lon,-70.8881333333333,Longitude
